"location","gender","age","incubation.days","summary"
"Shenzhen, Guangdong","male",66,5,"First confirmed imported nCov pneumonia patient in Shenzhen (from Wuhan): male, 66, shenzheng residence, visited relatives in Wuhan on 12/29/2019, symptoms onset on 01/03/2020, returned to Shenzhen and seek medical care on 01/04/2020, hospitalized on 01/11/2020, sample sent to China CDC for testing on 01/18/2020, confirmed on 01/19/2020. 8 others under medical observation, contact tracing ongoing."
"Beijing","male",37,4,"new confirmed imported nCov pneumonia patient in Beijing: male, 37, visited Wuhan on 01/10/2020, return to Beijing on 01/11/2020, symptoms onset on 01/14/2020, hospitalized on 01/20/2020."
"Beijing","male",39,6,"new confirmed imported nCov pneumonia patient in Beijing: male, 39, visited Wuhan on 01/03/2020, return to Beijing on 01/04/2020, symptoms onset on 01/09/2020, hospitalized on 01/14/2020."
"Beijing","male",56,8,"new confirmed imported nCov pneumonia patient in Beijing: male, 56, visited Wuhan on 01/08/2020, return to Beijing on 01/16/2020, symptoms onset on 01/16/2020, hospitalized on 01/20/2020."
"Beijing","female",18,4,"new confirmed imported nCov pneumonia patient in Beijing: female, 18, visited Wuhan on 01/12/2020, return to Beijing on 01/17/2020, symptoms onset while in Wuhan, hospitalized on 01/20/2020."
"Beijing","female",32,3,"new confirmed imported nCov pneumonia patient in Beijing: female, 32, visited Wuhan on 01/13/2020, return to Beijing on 01/17/2020, symptoms onset while in Wuhan, hospitalized on 01/20/2020."
"Beijing","male",NA,8,"new confirmed imported nCov pneumonia patient (medical doctor No.1) in Beijing: male, traveled to Wuhan  from 01/08/2020 to 01/16/2020, symptom onset on 01/16/2020, visited clinic on 01/20/2020, confirmed on 01/21/2020"
"Beijing","male",NA,4,"new confirmed imported nCov pneumonia patient (medical doctor No.2) in Beijing: male, traveled to Wuhan  from 01/10/2020 to 01/11/2020, symptom onset on 01/14/2020, visited clinic on 01/20/2020, confirmed on 01/21/2020"
"Jiangxi","male",56,21,"new confirmed imported nCov pneumonia patient in Jiangxi: male, 56, visited Wuhan on 12/20/2019, return to Jiangxi on 01/09/2020, symptoms onset on 01/10/2020."
"Shanxi","male",NA,7,"First confirmed imported nCov pneumonia patient in Shanxi: male, visited Wuhan from 01/12/2020 to 01/15/2020, symptom onset on 01/19/2020, visit clinic on 01/20/2020, 6 contacts traced."
"Beijing","male",45,8,"new confirmed imported nCov pneumonia patient in Beijing: male, 45, visited Wuhan on 01/11/2020, returned to Beijing on 01/14/2020, symptom onset on 01/19/2020, visit clinic on 01/21/2020."
"Beijing","male",42,9,"new confirmed imported nCov pneumonia patient in Beijing: male, 42, visited Wuhan on 01/11/2020 and 01/18/2020 twice, returned to Beijing on 01/19/2020, symptom onset on 01/20/2020."
"Shanxi (陕西)","male",42,8,"new confirmed imported nCov pneumonia patient 01/23-No.1 in Shanxi: male, 42, lives in Xianyang, Shanxi, visited Wuhan from 01/12/2020 to 01/15/2020, returned to Xian, Shanxi on 01/15/2020, symptom onset on 01/20/2020, visited clinic on 01/21/2020"
"Shanxi (陕西)","female",32,4,"new confirmed imported nCov pneumonia patient 01/23-No.2 in Shanxi: female, 32, resident of Xian, Shanxi, visited Wuhan from 01/12/2020 to 01/14/2020, returned to Xian, Shanxi on 01/14/2020, symptom onset on 01/16/2020, visited clinic on 01/20/2020."
"Shanxi (陕西)","male",22,5,"new confirmed imported nCov pneumonia patient 01/23-No.3 in Shanxi: male, 22, resident of Xian, Shanxi, visited Wuhan from 01/15/2020 to 01/17/2020, returned to Xian, Shanxi on 01/17/2020, symptom onset on 01/20/2020, visited clinic on 01/21/2020."
"Xinjiang","male",47,5,"new confirmed imported nCov pneumonia patient in Xinjiang: male, 47, visited Wuhan on 01/15/2020, returned to Xinjiang on 01/20/2020, symptom onset around return, tested positive on 01/23/2020."
"Tianjin","male",29,4,"confirmed imported nCov pneumonia patient No.8 in Tianjin: male, 29, works on Tianjin high speed railroad, visited Wuhan from 01/19/2020 to 01/22/2020. and symptom onset on 01/23/2020, hospitalized on 01/24/2020, confirmed on 01/24/2020."
"Tianjin","male",30,6,"confirmed imported nCov pneumonia patient No.10 in Tianjin: male, 30,  Beijing resident, visited Wuhan from 01/18/2020 to 01/20/2020, arrived in Tianjin on 01/24/2020, symptom onset on 01/24/2020, visited fever clinic on 01/24/2020, confirmed on 01/25/2020"
"Shanxi(陕西)","male",41,8,"new confirmed imported nCov pneumonia patient 01/25-No.3 in Shanxi(陕西): male, 41,  resident of Ankang, Shanxi, visited Wuhan from 01/06/2020 to 01/07/2020, symptom onset on 01/14/2020, visited clinic on 01/23/2020, confirmed on 01/25/2020"
"Shanxi(陕西)","male",28,11,"new confirmed imported nCov pneumonia patient 01/25-No.8 in Shanxi(陕西): male, 28,  Xian resident, visited Wuhan from 01/09/2020 to 01/22/2020, symptom onset on 01/20/2020, visit clinic on 01/23/2020, confirmed on 01/25/2020"
"Ningxia","male",33,11,"new confirmed nCov pneumonia patient in Ningxia: male, 33, visited Wuhan from 01/11/2020 to 01/22/2020, returned to Ningxia on 01/22/2020, symptom onset on 01/22/2020, hospitalized on 01/24/2020, confirmed on 01/25/2020."
"Jilin","male",NA,6,"new confirmed nCov pneumonia patient in Jilin: male, Jilin resident, stopped in Wuhan on 01/19/2020 (connection flight), symptom onset on 01/25/2020"
"Shanxi(陕西)","male",50,5,"new confirmed imported nCov pneumonia patient 01/27-No.3 in Shanxi(陕西): male, 50,  resident of Hanzhong, Wuhan, visited Wuhan from 01/13/2020 to 01/17/2020, symptom onset on 01/18/2020, visit clinic on 01/22/2020, confirmed on 01/27/2020"
"Shanxi(陕西)","female",40,5,"new confirmed imported nCov pneumonia patient 01/27-No.4 in Shanxi(陕西): female, 40,  wife of patient 01/27-No.3, resident of Hanzhong, Wuhan, visited Wuhan from 01/13/2020 to 01/17/2020, symptom onset on 01/18/2020, visit clinic on 01/22/2020, confirmed on 01/27/2020"
"Taiwan","female",50,9,"new confirmed nCov patient in Taiwan: female, 50, arrived in Taiwan 1/25/2020, reported condition to airport officers and immediately hospitalized, visited Wuhan 1/13/2020-1/15/2020, symptom onset 1/22/2020 (no fever, mild symptoms of pneumonia, cough), confirmed 1/26/2020"
